{"train loss": 1.1298582553863525, "step": 5, "epoch": 0, "_timestamp": 1725593371.7140906, "_runtime": 6.751342535018921, "_step": 4}