{"train loss": 1.3506929874420166, "step": 5, "epoch": 0, "_timestamp": 1725593971.229771, "_runtime": 6.910115003585815, "_step": 4}